message;severity;node;stamp;topics;location
"Unloading nodelet /camera/realsense2_camera from manager realsense2_camera_manager";"2";"/camera/realsense2_camera";"1679446494.232168913";"/camera/realsense2_camera_manager/bond,/rosout";"/tmp/binarydeb/ros-noetic-nodelet-1.10.2/src/nodelet.cpp:unloadNodelet:174"
"HP: requesting home position";"2";"/mavros";"1679446483.787883002";"/diagnostics,/mavlink/from,/mavlink/gcs_ip,/mavros/adsb/vehicle,/mavros/battery,/mavros/cam_imu_sync/cam_imu_stamp,/mavros/camera/image_captured,/mavros/distance_sensor/rangefinder_pub,/mavros/esc_info,/mavros/esc_status,/mavros/esc_telemetry,/mavros/estimator_status,/mavros/extended_state,/mavros/geofence/waypoints,/mavros/global_position/compass_hdg,/mavros/global_position/global,/mavros/global_position/gp_lp_offset,/mavros/global_position/gp_origin,/mavros/global_position/local,/mavros/global_position/raw/fix,/mavros/global_position/raw/gps_vel,/mavros/global_position/raw/satellites,/mavros/global_position/rel_alt,/mavros/gps_rtk/rtk_baseline,/mavros/gpsstatus/gps1/raw,/mavros/gpsstatus/gps1/rtk,/mavros/gpsstatus/gps2/raw,/mavros/gpsstatus/gps2/rtk,/mavros/home_position/home,/mavros/imu/data,/mavros/imu/data_raw,/mavros/imu/diff_pressure,/mavros/imu/mag,/mavros/imu/static_pressure,/mavros/imu/temperature_baro,/mavros/imu/temperature_imu,/mavros/landing_target/lt_marker,/mavros/landing_target/pose_in,/mavros/local_position/accel,/mavros/local_position/odom,/mavros/local_position/pose,/mavros/local_position/pose_cov,/mavros/local_position/velocity_body,/mavros/local_position/velocity_body_cov,/mavros/local_position/velocity_local,/mavros/log_transfer/raw/log_data,/mavros/log_transfer/raw/log_entry,/mavros/mag_calibration/report,/mavros/mag_calibration/status,/mavros/manual_control/control,/mavros/mission/reached,/mavros/mission/waypoints,/mavros/mount_control/orientation,/mavros/mount_control/status,/mavros/nav_controller_output,/mavros/odometry/in,/mavros/param/param_value,/mavros/radio_status,/mavros/rallypoint/waypoints,/mavros/rangefinder/rangefinder,/mavros/rc/in,/mavros/rc/out,/mavros/setpoint_raw/target_attitude,/mavros/setpoint_raw/target_global,/mavros/setpoint_raw/target_local,/mavros/setpoint_trajectory/desired,/mavros/state,/mavros/statustext/recv,/mavros/terrain/report,/mavros/time_reference,/mavros/timesync_status,/mavros/trajectory/desired,/mavros/tunnel/out,/mavros/vfr_hud,/mavros/wind_estimation,/move_base_simple/goal,/rosout,/tf,/tf_static";"/tmp/binarydeb/ros-noetic-mavros-1.15.0/src/plugins/home_position.cpp:std_plugins::HomePositionPlugin::timeout_cb:165"
"TM : RTT too high for timesync: 1679443517972.62 ms.";"4";"/mavros";"1679446483.706872710";"/diagnostics,/mavlink/from,/mavlink/gcs_ip,/mavros/adsb/vehicle,/mavros/battery,/mavros/cam_imu_sync/cam_imu_stamp,/mavros/camera/image_captured,/mavros/distance_sensor/rangefinder_pub,/mavros/esc_info,/mavros/esc_status,/mavros/esc_telemetry,/mavros/estimator_status,/mavros/extended_state,/mavros/geofence/waypoints,/mavros/global_position/compass_hdg,/mavros/global_position/global,/mavros/global_position/gp_lp_offset,/mavros/global_position/gp_origin,/mavros/global_position/local,/mavros/global_position/raw/fix,/mavros/global_position/raw/gps_vel,/mavros/global_position/raw/satellites,/mavros/global_position/rel_alt,/mavros/gps_rtk/rtk_baseline,/mavros/gpsstatus/gps1/raw,/mavros/gpsstatus/gps1/rtk,/mavros/gpsstatus/gps2/raw,/mavros/gpsstatus/gps2/rtk,/mavros/home_position/home,/mavros/imu/data,/mavros/imu/data_raw,/mavros/imu/diff_pressure,/mavros/imu/mag,/mavros/imu/static_pressure,/mavros/imu/temperature_baro,/mavros/imu/temperature_imu,/mavros/landing_target/lt_marker,/mavros/landing_target/pose_in,/mavros/local_position/accel,/mavros/local_position/odom,/mavros/local_position/pose,/mavros/local_position/pose_cov,/mavros/local_position/velocity_body,/mavros/local_position/velocity_body_cov,/mavros/local_position/velocity_local,/mavros/log_transfer/raw/log_data,/mavros/log_transfer/raw/log_entry,/mavros/mag_calibration/report,/mavros/mag_calibration/status,/mavros/manual_control/control,/mavros/mission/reached,/mavros/mission/waypoints,/mavros/mount_control/orientation,/mavros/mount_control/status,/mavros/nav_controller_output,/mavros/odometry/in,/mavros/param/param_value,/mavros/radio_status,/mavros/rallypoint/waypoints,/mavros/rangefinder/rangefinder,/mavros/rc/in,/mavros/rc/out,/mavros/setpoint_raw/target_attitude,/mavros/setpoint_raw/target_global,/mavros/setpoint_raw/target_local,/mavros/setpoint_trajectory/desired,/mavros/state,/mavros/statustext/recv,/mavros/terrain/report,/mavros/time_reference,/mavros/timesync_status,/mavros/trajectory/desired,/mavros/tunnel/out,/mavros/vfr_hud,/mavros/wind_estimation,/move_base_simple/goal,/rosout,/tf,/tf_static";"/tmp/binarydeb/ros-noetic-mavros-1.15.0/src/plugins/sys_time.cpp:std_plugins::SystemTimePlugin::add_timesync_observation:434"
"HP: requesting home position";"2";"/mavros";"1679446473.787857271";"/diagnostics,/mavlink/from,/mavlink/gcs_ip,/mavros/adsb/vehicle,/mavros/battery,/mavros/cam_imu_sync/cam_imu_stamp,/mavros/camera/image_captured,/mavros/distance_sensor/rangefinder_pub,/mavros/esc_info,/mavros/esc_status,/mavros/esc_telemetry,/mavros/estimator_status,/mavros/extended_state,/mavros/geofence/waypoints,/mavros/global_position/compass_hdg,/mavros/global_position/global,/mavros/global_position/gp_lp_offset,/mavros/global_position/gp_origin,/mavros/global_position/local,/mavros/global_position/raw/fix,/mavros/global_position/raw/gps_vel,/mavros/global_position/raw/satellites,/mavros/global_position/rel_alt,/mavros/gps_rtk/rtk_baseline,/mavros/gpsstatus/gps1/raw,/mavros/gpsstatus/gps1/rtk,/mavros/gpsstatus/gps2/raw,/mavros/gpsstatus/gps2/rtk,/mavros/home_position/home,/mavros/imu/data,/mavros/imu/data_raw,/mavros/imu/diff_pressure,/mavros/imu/mag,/mavros/imu/static_pressure,/mavros/imu/temperature_baro,/mavros/imu/temperature_imu,/mavros/landing_target/lt_marker,/mavros/landing_target/pose_in,/mavros/local_position/accel,/mavros/local_position/odom,/mavros/local_position/pose,/mavros/local_position/pose_cov,/mavros/local_position/velocity_body,/mavros/local_position/velocity_body_cov,/mavros/local_position/velocity_local,/mavros/log_transfer/raw/log_data,/mavros/log_transfer/raw/log_entry,/mavros/mag_calibration/report,/mavros/mag_calibration/status,/mavros/manual_control/control,/mavros/mission/reached,/mavros/mission/waypoints,/mavros/mount_control/orientation,/mavros/mount_control/status,/mavros/nav_controller_output,/mavros/odometry/in,/mavros/param/param_value,/mavros/radio_status,/mavros/rallypoint/waypoints,/mavros/rangefinder/rangefinder,/mavros/rc/in,/mavros/rc/out,/mavros/setpoint_raw/target_attitude,/mavros/setpoint_raw/target_global,/mavros/setpoint_raw/target_local,/mavros/setpoint_trajectory/desired,/mavros/state,/mavros/statustext/recv,/mavros/terrain/report,/mavros/time_reference,/mavros/timesync_status,/mavros/trajectory/desired,/mavros/tunnel/out,/mavros/vfr_hud,/mavros/wind_estimation,/move_base_simple/goal,/rosout,/tf,/tf_static";"/tmp/binarydeb/ros-noetic-mavros-1.15.0/src/plugins/home_position.cpp:std_plugins::HomePositionPlugin::timeout_cb:165"
"GP: No GPS fix";"4";"/mavros";"1679446464.252554888";"/diagnostics,/mavlink/from,/mavlink/gcs_ip,/mavros/adsb/vehicle,/mavros/battery,/mavros/cam_imu_sync/cam_imu_stamp,/mavros/camera/image_captured,/mavros/distance_sensor/rangefinder_pub,/mavros/esc_info,/mavros/esc_status,/mavros/esc_telemetry,/mavros/estimator_status,/mavros/extended_state,/mavros/geofence/waypoints,/mavros/global_position/compass_hdg,/mavros/global_position/global,/mavros/global_position/gp_lp_offset,/mavros/global_position/gp_origin,/mavros/global_position/local,/mavros/global_position/raw/fix,/mavros/global_position/raw/gps_vel,/mavros/global_position/raw/satellites,/mavros/global_position/rel_alt,/mavros/gps_rtk/rtk_baseline,/mavros/gpsstatus/gps1/raw,/mavros/gpsstatus/gps1/rtk,/mavros/gpsstatus/gps2/raw,/mavros/gpsstatus/gps2/rtk,/mavros/home_position/home,/mavros/imu/data,/mavros/imu/data_raw,/mavros/imu/diff_pressure,/mavros/imu/mag,/mavros/imu/static_pressure,/mavros/imu/temperature_baro,/mavros/imu/temperature_imu,/mavros/landing_target/lt_marker,/mavros/landing_target/pose_in,/mavros/local_position/accel,/mavros/local_position/odom,/mavros/local_position/pose,/mavros/local_position/pose_cov,/mavros/local_position/velocity_body,/mavros/local_position/velocity_body_cov,/mavros/local_position/velocity_local,/mavros/log_transfer/raw/log_data,/mavros/log_transfer/raw/log_entry,/mavros/mag_calibration/report,/mavros/mag_calibration/status,/mavros/manual_control/control,/mavros/mission/reached,/mavros/mission/waypoints,/mavros/mount_control/orientation,/mavros/mount_control/status,/mavros/nav_controller_output,/mavros/odometry/in,/mavros/param/param_value,/mavros/radio_status,/mavros/rallypoint/waypoints,/mavros/rangefinder/rangefinder,/mavros/rc/in,/mavros/rc/out,/mavros/setpoint_raw/target_attitude,/mavros/setpoint_raw/target_global,/mavros/setpoint_raw/target_local,/mavros/setpoint_trajectory/desired,/mavros/state,/mavros/statustext/recv,/mavros/terrain/report,/mavros/time_reference,/mavros/timesync_status,/mavros/trajectory/desired,/mavros/tunnel/out,/mavros/vfr_hud,/mavros/wind_estimation,/move_base_simple/goal,/rosout,/tf,/tf_static";"/tmp/binarydeb/ros-noetic-mavros-1.15.0/src/plugins/global_position.cpp:std_plugins::GlobalPositionPlugin::handle_gps_raw_int:169"
"HP: requesting home position";"2";"/mavros";"1679446463.787871704";"/diagnostics,/mavlink/from,/mavlink/gcs_ip,/mavros/adsb/vehicle,/mavros/battery,/mavros/cam_imu_sync/cam_imu_stamp,/mavros/camera/image_captured,/mavros/distance_sensor/rangefinder_pub,/mavros/esc_info,/mavros/esc_status,/mavros/esc_telemetry,/mavros/estimator_status,/mavros/extended_state,/mavros/geofence/waypoints,/mavros/global_position/compass_hdg,/mavros/global_position/global,/mavros/global_position/gp_lp_offset,/mavros/global_position/gp_origin,/mavros/global_position/local,/mavros/global_position/raw/fix,/mavros/global_position/raw/gps_vel,/mavros/global_position/raw/satellites,/mavros/global_position/rel_alt,/mavros/gps_rtk/rtk_baseline,/mavros/gpsstatus/gps1/raw,/mavros/gpsstatus/gps1/rtk,/mavros/gpsstatus/gps2/raw,/mavros/gpsstatus/gps2/rtk,/mavros/home_position/home,/mavros/imu/data,/mavros/imu/data_raw,/mavros/imu/diff_pressure,/mavros/imu/mag,/mavros/imu/static_pressure,/mavros/imu/temperature_baro,/mavros/imu/temperature_imu,/mavros/landing_target/lt_marker,/mavros/landing_target/pose_in,/mavros/local_position/accel,/mavros/local_position/odom,/mavros/local_position/pose,/mavros/local_position/pose_cov,/mavros/local_position/velocity_body,/mavros/local_position/velocity_body_cov,/mavros/local_position/velocity_local,/mavros/log_transfer/raw/log_data,/mavros/log_transfer/raw/log_entry,/mavros/mag_calibration/report,/mavros/mag_calibration/status,/mavros/manual_control/control,/mavros/mission/reached,/mavros/mission/waypoints,/mavros/mount_control/orientation,/mavros/mount_control/status,/mavros/nav_controller_output,/mavros/odometry/in,/mavros/param/param_value,/mavros/radio_status,/mavros/rallypoint/waypoints,/mavros/rangefinder/rangefinder,/mavros/rc/in,/mavros/rc/out,/mavros/setpoint_raw/target_attitude,/mavros/setpoint_raw/target_global,/mavros/setpoint_raw/target_local,/mavros/setpoint_trajectory/desired,/mavros/state,/mavros/statustext/recv,/mavros/terrain/report,/mavros/time_reference,/mavros/timesync_status,/mavros/trajectory/desired,/mavros/tunnel/out,/mavros/vfr_hud,/mavros/wind_estimation,/move_base_simple/goal,/rosout,/tf,/tf_static";"/tmp/binarydeb/ros-noetic-mavros-1.15.0/src/plugins/home_position.cpp:std_plugins::HomePositionPlugin::timeout_cb:165"
"HP: requesting home position";"2";"/mavros";"1679446453.787903384";"/diagnostics,/mavlink/from,/mavlink/gcs_ip,/mavros/adsb/vehicle,/mavros/battery,/mavros/cam_imu_sync/cam_imu_stamp,/mavros/camera/image_captured,/mavros/distance_sensor/rangefinder_pub,/mavros/esc_info,/mavros/esc_status,/mavros/esc_telemetry,/mavros/estimator_status,/mavros/extended_state,/mavros/geofence/waypoints,/mavros/global_position/compass_hdg,/mavros/global_position/global,/mavros/global_position/gp_lp_offset,/mavros/global_position/gp_origin,/mavros/global_position/local,/mavros/global_position/raw/fix,/mavros/global_position/raw/gps_vel,/mavros/global_position/raw/satellites,/mavros/global_position/rel_alt,/mavros/gps_rtk/rtk_baseline,/mavros/gpsstatus/gps1/raw,/mavros/gpsstatus/gps1/rtk,/mavros/gpsstatus/gps2/raw,/mavros/gpsstatus/gps2/rtk,/mavros/home_position/home,/mavros/imu/data,/mavros/imu/data_raw,/mavros/imu/diff_pressure,/mavros/imu/mag,/mavros/imu/static_pressure,/mavros/imu/temperature_baro,/mavros/imu/temperature_imu,/mavros/landing_target/lt_marker,/mavros/landing_target/pose_in,/mavros/local_position/accel,/mavros/local_position/odom,/mavros/local_position/pose,/mavros/local_position/pose_cov,/mavros/local_position/velocity_body,/mavros/local_position/velocity_body_cov,/mavros/local_position/velocity_local,/mavros/log_transfer/raw/log_data,/mavros/log_transfer/raw/log_entry,/mavros/mag_calibration/report,/mavros/mag_calibration/status,/mavros/manual_control/control,/mavros/mission/reached,/mavros/mission/waypoints,/mavros/mount_control/orientation,/mavros/mount_control/status,/mavros/nav_controller_output,/mavros/odometry/in,/mavros/param/param_value,/mavros/radio_status,/mavros/rallypoint/waypoints,/mavros/rangefinder/rangefinder,/mavros/rc/in,/mavros/rc/out,/mavros/setpoint_raw/target_attitude,/mavros/setpoint_raw/target_global,/mavros/setpoint_raw/target_local,/mavros/setpoint_trajectory/desired,/mavros/state,/mavros/statustext/recv,/mavros/terrain/report,/mavros/time_reference,/mavros/timesync_status,/mavros/trajectory/desired,/mavros/tunnel/out,/mavros/vfr_hud,/mavros/wind_estimation,/move_base_simple/goal,/rosout,/tf,/tf_static";"/tmp/binarydeb/ros-noetic-mavros-1.15.0/src/plugins/home_position.cpp:std_plugins::HomePositionPlugin::timeout_cb:165"
"HP: requesting home position";"2";"/mavros";"1679446443.787897634";"/diagnostics,/mavlink/from,/mavlink/gcs_ip,/mavros/adsb/vehicle,/mavros/battery,/mavros/cam_imu_sync/cam_imu_stamp,/mavros/camera/image_captured,/mavros/distance_sensor/rangefinder_pub,/mavros/esc_info,/mavros/esc_status,/mavros/esc_telemetry,/mavros/estimator_status,/mavros/extended_state,/mavros/geofence/waypoints,/mavros/global_position/compass_hdg,/mavros/global_position/global,/mavros/global_position/gp_lp_offset,/mavros/global_position/gp_origin,/mavros/global_position/local,/mavros/global_position/raw/fix,/mavros/global_position/raw/gps_vel,/mavros/global_position/raw/satellites,/mavros/global_position/rel_alt,/mavros/gps_rtk/rtk_baseline,/mavros/gpsstatus/gps1/raw,/mavros/gpsstatus/gps1/rtk,/mavros/gpsstatus/gps2/raw,/mavros/gpsstatus/gps2/rtk,/mavros/home_position/home,/mavros/imu/data,/mavros/imu/data_raw,/mavros/imu/diff_pressure,/mavros/imu/mag,/mavros/imu/static_pressure,/mavros/imu/temperature_baro,/mavros/imu/temperature_imu,/mavros/landing_target/lt_marker,/mavros/landing_target/pose_in,/mavros/local_position/accel,/mavros/local_position/odom,/mavros/local_position/pose,/mavros/local_position/pose_cov,/mavros/local_position/velocity_body,/mavros/local_position/velocity_body_cov,/mavros/local_position/velocity_local,/mavros/log_transfer/raw/log_data,/mavros/log_transfer/raw/log_entry,/mavros/mag_calibration/report,/mavros/mag_calibration/status,/mavros/manual_control/control,/mavros/mission/reached,/mavros/mission/waypoints,/mavros/mount_control/orientation,/mavros/mount_control/status,/mavros/nav_controller_output,/mavros/odometry/in,/mavros/param/param_value,/mavros/radio_status,/mavros/rallypoint/waypoints,/mavros/rangefinder/rangefinder,/mavros/rc/in,/mavros/rc/out,/mavros/setpoint_raw/target_attitude,/mavros/setpoint_raw/target_global,/mavros/setpoint_raw/target_local,/mavros/setpoint_trajectory/desired,/mavros/state,/mavros/statustext/recv,/mavros/terrain/report,/mavros/time_reference,/mavros/timesync_status,/mavros/trajectory/desired,/mavros/tunnel/out,/mavros/vfr_hud,/mavros/wind_estimation,/move_base_simple/goal,/rosout,/tf,/tf_static";"/tmp/binarydeb/ros-noetic-mavros-1.15.0/src/plugins/home_position.cpp:std_plugins::HomePositionPlugin::timeout_cb:165"
"FCU: EKF3 IMU2 stopped aiding";"4";"/mavros";"1679446442.847905974";"/diagnostics,/mavlink/from,/mavlink/gcs_ip,/mavros/adsb/vehicle,/mavros/battery,/mavros/cam_imu_sync/cam_imu_stamp,/mavros/camera/image_captured,/mavros/distance_sensor/rangefinder_pub,/mavros/esc_info,/mavros/esc_status,/mavros/esc_telemetry,/mavros/estimator_status,/mavros/extended_state,/mavros/geofence/waypoints,/mavros/global_position/compass_hdg,/mavros/global_position/global,/mavros/global_position/gp_lp_offset,/mavros/global_position/gp_origin,/mavros/global_position/local,/mavros/global_position/raw/fix,/mavros/global_position/raw/gps_vel,/mavros/global_position/raw/satellites,/mavros/global_position/rel_alt,/mavros/gps_rtk/rtk_baseline,/mavros/gpsstatus/gps1/raw,/mavros/gpsstatus/gps1/rtk,/mavros/gpsstatus/gps2/raw,/mavros/gpsstatus/gps2/rtk,/mavros/home_position/home,/mavros/imu/data,/mavros/imu/data_raw,/mavros/imu/diff_pressure,/mavros/imu/mag,/mavros/imu/static_pressure,/mavros/imu/temperature_baro,/mavros/imu/temperature_imu,/mavros/landing_target/lt_marker,/mavros/landing_target/pose_in,/mavros/local_position/accel,/mavros/local_position/odom,/mavros/local_position/pose,/mavros/local_position/pose_cov,/mavros/local_position/velocity_body,/mavros/local_position/velocity_body_cov,/mavros/local_position/velocity_local,/mavros/log_transfer/raw/log_data,/mavros/log_transfer/raw/log_entry,/mavros/mag_calibration/report,/mavros/mag_calibration/status,/mavros/manual_control/control,/mavros/mission/reached,/mavros/mission/waypoints,/mavros/mount_control/orientation,/mavros/mount_control/status,/mavros/nav_controller_output,/mavros/odometry/in,/mavros/param/param_value,/mavros/radio_status,/mavros/rallypoint/waypoints,/mavros/rangefinder/rangefinder,/mavros/rc/in,/mavros/rc/out,/mavros/setpoint_raw/target_attitude,/mavros/setpoint_raw/target_global,/mavros/setpoint_raw/target_local,/mavros/setpoint_trajectory/desired,/mavros/state,/mavros/statustext/recv,/mavros/terrain/report,/mavros/time_reference,/mavros/timesync_status,/mavros/trajectory/desired,/mavros/tunnel/out,/mavros/vfr_hud,/mavros/wind_estimation,/move_base_simple/goal,/rosout,/tf,/tf_static";"/tmp/binarydeb/ros-noetic-mavros-1.15.0/src/plugins/sys_status.cpp:std_plugins::SystemStatusPlugin::process_statustext_normal:673"
"FCU: EKF3 IMU1 stopped aiding";"4";"/mavros";"1679446442.847467238";"/diagnostics,/mavlink/from,/mavlink/gcs_ip,/mavros/adsb/vehicle,/mavros/battery,/mavros/cam_imu_sync/cam_imu_stamp,/mavros/camera/image_captured,/mavros/distance_sensor/rangefinder_pub,/mavros/esc_info,/mavros/esc_status,/mavros/esc_telemetry,/mavros/estimator_status,/mavros/extended_state,/mavros/geofence/waypoints,/mavros/global_position/compass_hdg,/mavros/global_position/global,/mavros/global_position/gp_lp_offset,/mavros/global_position/gp_origin,/mavros/global_position/local,/mavros/global_position/raw/fix,/mavros/global_position/raw/gps_vel,/mavros/global_position/raw/satellites,/mavros/global_position/rel_alt,/mavros/gps_rtk/rtk_baseline,/mavros/gpsstatus/gps1/raw,/mavros/gpsstatus/gps1/rtk,/mavros/gpsstatus/gps2/raw,/mavros/gpsstatus/gps2/rtk,/mavros/home_position/home,/mavros/imu/data,/mavros/imu/data_raw,/mavros/imu/diff_pressure,/mavros/imu/mag,/mavros/imu/static_pressure,/mavros/imu/temperature_baro,/mavros/imu/temperature_imu,/mavros/landing_target/lt_marker,/mavros/landing_target/pose_in,/mavros/local_position/accel,/mavros/local_position/odom,/mavros/local_position/pose,/mavros/local_position/pose_cov,/mavros/local_position/velocity_body,/mavros/local_position/velocity_body_cov,/mavros/local_position/velocity_local,/mavros/log_transfer/raw/log_data,/mavros/log_transfer/raw/log_entry,/mavros/mag_calibration/report,/mavros/mag_calibration/status,/mavros/manual_control/control,/mavros/mission/reached,/mavros/mission/waypoints,/mavros/mount_control/orientation,/mavros/mount_control/status,/mavros/nav_controller_output,/mavros/odometry/in,/mavros/param/param_value,/mavros/radio_status,/mavros/rallypoint/waypoints,/mavros/rangefinder/rangefinder,/mavros/rc/in,/mavros/rc/out,/mavros/setpoint_raw/target_attitude,/mavros/setpoint_raw/target_global,/mavros/setpoint_raw/target_local,/mavros/setpoint_trajectory/desired,/mavros/state,/mavros/statustext/recv,/mavros/terrain/report,/mavros/time_reference,/mavros/timesync_status,/mavros/trajectory/desired,/mavros/tunnel/out,/mavros/vfr_hud,/mavros/wind_estimation,/move_base_simple/goal,/rosout,/tf,/tf_static";"/tmp/binarydeb/ros-noetic-mavros-1.15.0/src/plugins/sys_status.cpp:std_plugins::SystemStatusPlugin::process_statustext_normal:673"
"FCU: EKF3 IMU0 stopped aiding";"4";"/mavros";"1679446442.846924614";"/diagnostics,/mavlink/from,/mavlink/gcs_ip,/mavros/adsb/vehicle,/mavros/battery,/mavros/cam_imu_sync/cam_imu_stamp,/mavros/camera/image_captured,/mavros/distance_sensor/rangefinder_pub,/mavros/esc_info,/mavros/esc_status,/mavros/esc_telemetry,/mavros/estimator_status,/mavros/extended_state,/mavros/geofence/waypoints,/mavros/global_position/compass_hdg,/mavros/global_position/global,/mavros/global_position/gp_lp_offset,/mavros/global_position/gp_origin,/mavros/global_position/local,/mavros/global_position/raw/fix,/mavros/global_position/raw/gps_vel,/mavros/global_position/raw/satellites,/mavros/global_position/rel_alt,/mavros/gps_rtk/rtk_baseline,/mavros/gpsstatus/gps1/raw,/mavros/gpsstatus/gps1/rtk,/mavros/gpsstatus/gps2/raw,/mavros/gpsstatus/gps2/rtk,/mavros/home_position/home,/mavros/imu/data,/mavros/imu/data_raw,/mavros/imu/diff_pressure,/mavros/imu/mag,/mavros/imu/static_pressure,/mavros/imu/temperature_baro,/mavros/imu/temperature_imu,/mavros/landing_target/lt_marker,/mavros/landing_target/pose_in,/mavros/local_position/accel,/mavros/local_position/odom,/mavros/local_position/pose,/mavros/local_position/pose_cov,/mavros/local_position/velocity_body,/mavros/local_position/velocity_body_cov,/mavros/local_position/velocity_local,/mavros/log_transfer/raw/log_data,/mavros/log_transfer/raw/log_entry,/mavros/mag_calibration/report,/mavros/mag_calibration/status,/mavros/manual_control/control,/mavros/mission/reached,/mavros/mission/waypoints,/mavros/mount_control/orientation,/mavros/mount_control/status,/mavros/nav_controller_output,/mavros/odometry/in,/mavros/param/param_value,/mavros/radio_status,/mavros/rallypoint/waypoints,/mavros/rangefinder/rangefinder,/mavros/rc/in,/mavros/rc/out,/mavros/setpoint_raw/target_attitude,/mavros/setpoint_raw/target_global,/mavros/setpoint_raw/target_local,/mavros/setpoint_trajectory/desired,/mavros/state,/mavros/statustext/recv,/mavros/terrain/report,/mavros/time_reference,/mavros/timesync_status,/mavros/trajectory/desired,/mavros/tunnel/out,/mavros/vfr_hud,/mavros/wind_estimation,/move_base_simple/goal,/rosout,/tf,/tf_static";"/tmp/binarydeb/ros-noetic-mavros-1.15.0/src/plugins/sys_status.cpp:std_plugins::SystemStatusPlugin::process_statustext_normal:673"
"FCU: AHRS: DCM active";"2";"/mavros";"1679446434.845792882";"/diagnostics,/mavlink/from,/mavlink/gcs_ip,/mavros/adsb/vehicle,/mavros/battery,/mavros/cam_imu_sync/cam_imu_stamp,/mavros/camera/image_captured,/mavros/distance_sensor/rangefinder_pub,/mavros/esc_info,/mavros/esc_status,/mavros/esc_telemetry,/mavros/estimator_status,/mavros/extended_state,/mavros/geofence/waypoints,/mavros/global_position/compass_hdg,/mavros/global_position/global,/mavros/global_position/gp_lp_offset,/mavros/global_position/gp_origin,/mavros/global_position/local,/mavros/global_position/raw/fix,/mavros/global_position/raw/gps_vel,/mavros/global_position/raw/satellites,/mavros/global_position/rel_alt,/mavros/gps_rtk/rtk_baseline,/mavros/gpsstatus/gps1/raw,/mavros/gpsstatus/gps1/rtk,/mavros/gpsstatus/gps2/raw,/mavros/gpsstatus/gps2/rtk,/mavros/home_position/home,/mavros/imu/data,/mavros/imu/data_raw,/mavros/imu/diff_pressure,/mavros/imu/mag,/mavros/imu/static_pressure,/mavros/imu/temperature_baro,/mavros/imu/temperature_imu,/mavros/landing_target/lt_marker,/mavros/landing_target/pose_in,/mavros/local_position/accel,/mavros/local_position/odom,/mavros/local_position/pose,/mavros/local_position/pose_cov,/mavros/local_position/velocity_body,/mavros/local_position/velocity_body_cov,/mavros/local_position/velocity_local,/mavros/log_transfer/raw/log_data,/mavros/log_transfer/raw/log_entry,/mavros/mag_calibration/report,/mavros/mag_calibration/status,/mavros/manual_control/control,/mavros/mission/reached,/mavros/mission/waypoints,/mavros/mount_control/orientation,/mavros/mount_control/status,/mavros/nav_controller_output,/mavros/odometry/in,/mavros/param/param_value,/mavros/radio_status,/mavros/rallypoint/waypoints,/mavros/rangefinder/rangefinder,/mavros/rc/in,/mavros/rc/out,/mavros/setpoint_raw/target_attitude,/mavros/setpoint_raw/target_global,/mavros/setpoint_raw/target_local,/mavros/setpoint_trajectory/desired,/mavros/state,/mavros/statustext/recv,/mavros/terrain/report,/mavros/time_reference,/mavros/timesync_status,/mavros/trajectory/desired,/mavros/tunnel/out,/mavros/vfr_hud,/mavros/wind_estimation,/move_base_simple/goal,/rosout,/tf,/tf_static";"/tmp/binarydeb/ros-noetic-mavros-1.15.0/src/plugins/sys_status.cpp:std_plugins::SystemStatusPlugin::process_statustext_normal:676"
"GP: No GPS fix";"4";"/mavros";"1679446434.252041844";"/diagnostics,/mavlink/from,/mavlink/gcs_ip,/mavros/adsb/vehicle,/mavros/battery,/mavros/cam_imu_sync/cam_imu_stamp,/mavros/camera/image_captured,/mavros/distance_sensor/rangefinder_pub,/mavros/esc_info,/mavros/esc_status,/mavros/esc_telemetry,/mavros/estimator_status,/mavros/extended_state,/mavros/geofence/waypoints,/mavros/global_position/compass_hdg,/mavros/global_position/global,/mavros/global_position/gp_lp_offset,/mavros/global_position/gp_origin,/mavros/global_position/local,/mavros/global_position/raw/fix,/mavros/global_position/raw/gps_vel,/mavros/global_position/raw/satellites,/mavros/global_position/rel_alt,/mavros/gps_rtk/rtk_baseline,/mavros/gpsstatus/gps1/raw,/mavros/gpsstatus/gps1/rtk,/mavros/gpsstatus/gps2/raw,/mavros/gpsstatus/gps2/rtk,/mavros/home_position/home,/mavros/imu/data,/mavros/imu/data_raw,/mavros/imu/diff_pressure,/mavros/imu/mag,/mavros/imu/static_pressure,/mavros/imu/temperature_baro,/mavros/imu/temperature_imu,/mavros/landing_target/lt_marker,/mavros/landing_target/pose_in,/mavros/local_position/accel,/mavros/local_position/odom,/mavros/local_position/pose,/mavros/local_position/pose_cov,/mavros/local_position/velocity_body,/mavros/local_position/velocity_body_cov,/mavros/local_position/velocity_local,/mavros/log_transfer/raw/log_data,/mavros/log_transfer/raw/log_entry,/mavros/mag_calibration/report,/mavros/mag_calibration/status,/mavros/manual_control/control,/mavros/mission/reached,/mavros/mission/waypoints,/mavros/mount_control/orientation,/mavros/mount_control/status,/mavros/nav_controller_output,/mavros/odometry/in,/mavros/param/param_value,/mavros/radio_status,/mavros/rallypoint/waypoints,/mavros/rangefinder/rangefinder,/mavros/rc/in,/mavros/rc/out,/mavros/setpoint_raw/target_attitude,/mavros/setpoint_raw/target_global,/mavros/setpoint_raw/target_local,/mavros/setpoint_trajectory/desired,/mavros/state,/mavros/statustext/recv,/mavros/terrain/report,/mavros/time_reference,/mavros/timesync_status,/mavros/trajectory/desired,/mavros/tunnel/out,/mavros/vfr_hud,/mavros/wind_estimation,/move_base_simple/goal,/rosout,/tf,/tf_static";"/tmp/binarydeb/ros-noetic-mavros-1.15.0/src/plugins/global_position.cpp:std_plugins::GlobalPositionPlugin::handle_gps_raw_int:169"
"HP: requesting home position";"2";"/mavros";"1679446433.787798427";"/diagnostics,/mavlink/from,/mavlink/gcs_ip,/mavros/adsb/vehicle,/mavros/battery,/mavros/cam_imu_sync/cam_imu_stamp,/mavros/camera/image_captured,/mavros/distance_sensor/rangefinder_pub,/mavros/esc_info,/mavros/esc_status,/mavros/esc_telemetry,/mavros/estimator_status,/mavros/extended_state,/mavros/geofence/waypoints,/mavros/global_position/compass_hdg,/mavros/global_position/global,/mavros/global_position/gp_lp_offset,/mavros/global_position/gp_origin,/mavros/global_position/local,/mavros/global_position/raw/fix,/mavros/global_position/raw/gps_vel,/mavros/global_position/raw/satellites,/mavros/global_position/rel_alt,/mavros/gps_rtk/rtk_baseline,/mavros/gpsstatus/gps1/raw,/mavros/gpsstatus/gps1/rtk,/mavros/gpsstatus/gps2/raw,/mavros/gpsstatus/gps2/rtk,/mavros/home_position/home,/mavros/imu/data,/mavros/imu/data_raw,/mavros/imu/diff_pressure,/mavros/imu/mag,/mavros/imu/static_pressure,/mavros/imu/temperature_baro,/mavros/imu/temperature_imu,/mavros/landing_target/lt_marker,/mavros/landing_target/pose_in,/mavros/local_position/accel,/mavros/local_position/odom,/mavros/local_position/pose,/mavros/local_position/pose_cov,/mavros/local_position/velocity_body,/mavros/local_position/velocity_body_cov,/mavros/local_position/velocity_local,/mavros/log_transfer/raw/log_data,/mavros/log_transfer/raw/log_entry,/mavros/mag_calibration/report,/mavros/mag_calibration/status,/mavros/manual_control/control,/mavros/mission/reached,/mavros/mission/waypoints,/mavros/mount_control/orientation,/mavros/mount_control/status,/mavros/nav_controller_output,/mavros/odometry/in,/mavros/param/param_value,/mavros/radio_status,/mavros/rallypoint/waypoints,/mavros/rangefinder/rangefinder,/mavros/rc/in,/mavros/rc/out,/mavros/setpoint_raw/target_attitude,/mavros/setpoint_raw/target_global,/mavros/setpoint_raw/target_local,/mavros/setpoint_trajectory/desired,/mavros/state,/mavros/statustext/recv,/mavros/terrain/report,/mavros/time_reference,/mavros/timesync_status,/mavros/trajectory/desired,/mavros/tunnel/out,/mavros/vfr_hud,/mavros/wind_estimation,/move_base_simple/goal,/rosout,/tf,/tf_static";"/tmp/binarydeb/ros-noetic-mavros-1.15.0/src/plugins/home_position.cpp:std_plugins::HomePositionPlugin::timeout_cb:165"
"HP: requesting home position";"2";"/mavros";"1679446423.787846382";"/diagnostics,/mavlink/from,/mavlink/gcs_ip,/mavros/adsb/vehicle,/mavros/battery,/mavros/cam_imu_sync/cam_imu_stamp,/mavros/camera/image_captured,/mavros/distance_sensor/rangefinder_pub,/mavros/esc_info,/mavros/esc_status,/mavros/esc_telemetry,/mavros/estimator_status,/mavros/extended_state,/mavros/geofence/waypoints,/mavros/global_position/compass_hdg,/mavros/global_position/global,/mavros/global_position/gp_lp_offset,/mavros/global_position/gp_origin,/mavros/global_position/local,/mavros/global_position/raw/fix,/mavros/global_position/raw/gps_vel,/mavros/global_position/raw/satellites,/mavros/global_position/rel_alt,/mavros/gps_rtk/rtk_baseline,/mavros/gpsstatus/gps1/raw,/mavros/gpsstatus/gps1/rtk,/mavros/gpsstatus/gps2/raw,/mavros/gpsstatus/gps2/rtk,/mavros/home_position/home,/mavros/imu/data,/mavros/imu/data_raw,/mavros/imu/diff_pressure,/mavros/imu/mag,/mavros/imu/static_pressure,/mavros/imu/temperature_baro,/mavros/imu/temperature_imu,/mavros/landing_target/lt_marker,/mavros/landing_target/pose_in,/mavros/local_position/accel,/mavros/local_position/odom,/mavros/local_position/pose,/mavros/local_position/pose_cov,/mavros/local_position/velocity_body,/mavros/local_position/velocity_body_cov,/mavros/local_position/velocity_local,/mavros/log_transfer/raw/log_data,/mavros/log_transfer/raw/log_entry,/mavros/mag_calibration/report,/mavros/mag_calibration/status,/mavros/manual_control/control,/mavros/mission/reached,/mavros/mission/waypoints,/mavros/mount_control/orientation,/mavros/mount_control/status,/mavros/nav_controller_output,/mavros/odometry/in,/mavros/param/param_value,/mavros/radio_status,/mavros/rallypoint/waypoints,/mavros/rangefinder/rangefinder,/mavros/rc/in,/mavros/rc/out,/mavros/setpoint_raw/target_attitude,/mavros/setpoint_raw/target_global,/mavros/setpoint_raw/target_local,/mavros/setpoint_trajectory/desired,/mavros/state,/mavros/statustext/recv,/mavros/terrain/report,/mavros/time_reference,/mavros/timesync_status,/mavros/trajectory/desired,/mavros/tunnel/out,/mavros/vfr_hud,/mavros/wind_estimation,/move_base_simple/goal,/rosout,/tf,/tf_static";"/tmp/binarydeb/ros-noetic-mavros-1.15.0/src/plugins/home_position.cpp:std_plugins::HomePositionPlugin::timeout_cb:165"
"TM : RTT too high for timesync: 1679443517971.89 ms.";"4";"/mavros";"1679446423.586419931";"/diagnostics,/mavlink/from,/mavlink/gcs_ip,/mavros/adsb/vehicle,/mavros/battery,/mavros/cam_imu_sync/cam_imu_stamp,/mavros/camera/image_captured,/mavros/distance_sensor/rangefinder_pub,/mavros/esc_info,/mavros/esc_status,/mavros/esc_telemetry,/mavros/estimator_status,/mavros/extended_state,/mavros/geofence/waypoints,/mavros/global_position/compass_hdg,/mavros/global_position/global,/mavros/global_position/gp_lp_offset,/mavros/global_position/gp_origin,/mavros/global_position/local,/mavros/global_position/raw/fix,/mavros/global_position/raw/gps_vel,/mavros/global_position/raw/satellites,/mavros/global_position/rel_alt,/mavros/gps_rtk/rtk_baseline,/mavros/gpsstatus/gps1/raw,/mavros/gpsstatus/gps1/rtk,/mavros/gpsstatus/gps2/raw,/mavros/gpsstatus/gps2/rtk,/mavros/home_position/home,/mavros/imu/data,/mavros/imu/data_raw,/mavros/imu/diff_pressure,/mavros/imu/mag,/mavros/imu/static_pressure,/mavros/imu/temperature_baro,/mavros/imu/temperature_imu,/mavros/landing_target/lt_marker,/mavros/landing_target/pose_in,/mavros/local_position/accel,/mavros/local_position/odom,/mavros/local_position/pose,/mavros/local_position/pose_cov,/mavros/local_position/velocity_body,/mavros/local_position/velocity_body_cov,/mavros/local_position/velocity_local,/mavros/log_transfer/raw/log_data,/mavros/log_transfer/raw/log_entry,/mavros/mag_calibration/report,/mavros/mag_calibration/status,/mavros/manual_control/control,/mavros/mission/reached,/mavros/mission/waypoints,/mavros/mount_control/orientation,/mavros/mount_control/status,/mavros/nav_controller_output,/mavros/odometry/in,/mavros/param/param_value,/mavros/radio_status,/mavros/rallypoint/waypoints,/mavros/rangefinder/rangefinder,/mavros/rc/in,/mavros/rc/out,/mavros/setpoint_raw/target_attitude,/mavros/setpoint_raw/target_global,/mavros/setpoint_raw/target_local,/mavros/setpoint_trajectory/desired,/mavros/state,/mavros/statustext/recv,/mavros/terrain/report,/mavros/time_reference,/mavros/timesync_status,/mavros/trajectory/desired,/mavros/tunnel/out,/mavros/vfr_hud,/mavros/wind_estimation,/move_base_simple/goal,/rosout,/tf,/tf_static";"/tmp/binarydeb/ros-noetic-mavros-1.15.0/src/plugins/sys_time.cpp:std_plugins::SystemTimePlugin::add_timesync_observation:434"
"HP: requesting home position";"2";"/mavros";"1679446413.787862788";"/diagnostics,/mavlink/from,/mavlink/gcs_ip,/mavros/adsb/vehicle,/mavros/battery,/mavros/cam_imu_sync/cam_imu_stamp,/mavros/camera/image_captured,/mavros/distance_sensor/rangefinder_pub,/mavros/esc_info,/mavros/esc_status,/mavros/esc_telemetry,/mavros/estimator_status,/mavros/extended_state,/mavros/geofence/waypoints,/mavros/global_position/compass_hdg,/mavros/global_position/global,/mavros/global_position/gp_lp_offset,/mavros/global_position/gp_origin,/mavros/global_position/local,/mavros/global_position/raw/fix,/mavros/global_position/raw/gps_vel,/mavros/global_position/raw/satellites,/mavros/global_position/rel_alt,/mavros/gps_rtk/rtk_baseline,/mavros/gpsstatus/gps1/raw,/mavros/gpsstatus/gps1/rtk,/mavros/gpsstatus/gps2/raw,/mavros/gpsstatus/gps2/rtk,/mavros/home_position/home,/mavros/imu/data,/mavros/imu/data_raw,/mavros/imu/diff_pressure,/mavros/imu/mag,/mavros/imu/static_pressure,/mavros/imu/temperature_baro,/mavros/imu/temperature_imu,/mavros/landing_target/lt_marker,/mavros/landing_target/pose_in,/mavros/local_position/accel,/mavros/local_position/odom,/mavros/local_position/pose,/mavros/local_position/pose_cov,/mavros/local_position/velocity_body,/mavros/local_position/velocity_body_cov,/mavros/local_position/velocity_local,/mavros/log_transfer/raw/log_data,/mavros/log_transfer/raw/log_entry,/mavros/mag_calibration/report,/mavros/mag_calibration/status,/mavros/manual_control/control,/mavros/mission/reached,/mavros/mission/waypoints,/mavros/mount_control/orientation,/mavros/mount_control/status,/mavros/nav_controller_output,/mavros/odometry/in,/mavros/param/param_value,/mavros/radio_status,/mavros/rallypoint/waypoints,/mavros/rangefinder/rangefinder,/mavros/rc/in,/mavros/rc/out,/mavros/setpoint_raw/target_attitude,/mavros/setpoint_raw/target_global,/mavros/setpoint_raw/target_local,/mavros/setpoint_trajectory/desired,/mavros/state,/mavros/statustext/recv,/mavros/terrain/report,/mavros/time_reference,/mavros/timesync_status,/mavros/trajectory/desired,/mavros/tunnel/out,/mavros/vfr_hud,/mavros/wind_estimation,/move_base_simple/goal,/rosout,/tf,/tf_static";"/tmp/binarydeb/ros-noetic-mavros-1.15.0/src/plugins/home_position.cpp:std_plugins::HomePositionPlugin::timeout_cb:165"
"GP: No GPS fix";"4";"/mavros";"1679446403.992896749";"/diagnostics,/mavlink/from,/mavlink/gcs_ip,/mavros/adsb/vehicle,/mavros/battery,/mavros/cam_imu_sync/cam_imu_stamp,/mavros/camera/image_captured,/mavros/distance_sensor/rangefinder_pub,/mavros/esc_info,/mavros/esc_status,/mavros/esc_telemetry,/mavros/estimator_status,/mavros/extended_state,/mavros/geofence/waypoints,/mavros/global_position/compass_hdg,/mavros/global_position/global,/mavros/global_position/gp_lp_offset,/mavros/global_position/gp_origin,/mavros/global_position/local,/mavros/global_position/raw/fix,/mavros/global_position/raw/gps_vel,/mavros/global_position/raw/satellites,/mavros/global_position/rel_alt,/mavros/gps_rtk/rtk_baseline,/mavros/gpsstatus/gps1/raw,/mavros/gpsstatus/gps1/rtk,/mavros/gpsstatus/gps2/raw,/mavros/gpsstatus/gps2/rtk,/mavros/home_position/home,/mavros/imu/data,/mavros/imu/data_raw,/mavros/imu/diff_pressure,/mavros/imu/mag,/mavros/imu/static_pressure,/mavros/imu/temperature_baro,/mavros/imu/temperature_imu,/mavros/landing_target/lt_marker,/mavros/landing_target/pose_in,/mavros/local_position/accel,/mavros/local_position/odom,/mavros/local_position/pose,/mavros/local_position/pose_cov,/mavros/local_position/velocity_body,/mavros/local_position/velocity_body_cov,/mavros/local_position/velocity_local,/mavros/log_transfer/raw/log_data,/mavros/log_transfer/raw/log_entry,/mavros/mag_calibration/report,/mavros/mag_calibration/status,/mavros/manual_control/control,/mavros/mission/reached,/mavros/mission/waypoints,/mavros/mount_control/orientation,/mavros/mount_control/status,/mavros/nav_controller_output,/mavros/odometry/in,/mavros/param/param_value,/mavros/radio_status,/mavros/rallypoint/waypoints,/mavros/rangefinder/rangefinder,/mavros/rc/in,/mavros/rc/out,/mavros/setpoint_raw/target_attitude,/mavros/setpoint_raw/target_global,/mavros/setpoint_raw/target_local,/mavros/setpoint_trajectory/desired,/mavros/state,/mavros/statustext/recv,/mavros/terrain/report,/mavros/time_reference,/mavros/timesync_status,/mavros/trajectory/desired,/mavros/tunnel/out,/mavros/vfr_hud,/mavros/wind_estimation,/move_base_simple/goal,/rosout,/tf,/tf_static";"/tmp/binarydeb/ros-noetic-mavros-1.15.0/src/plugins/global_position.cpp:std_plugins::GlobalPositionPlugin::handle_gps_raw_int:169"
"HP: requesting home position";"2";"/mavros";"1679446403.787889897";"/diagnostics,/mavlink/from,/mavlink/gcs_ip,/mavros/adsb/vehicle,/mavros/battery,/mavros/cam_imu_sync/cam_imu_stamp,/mavros/camera/image_captured,/mavros/distance_sensor/rangefinder_pub,/mavros/esc_info,/mavros/esc_status,/mavros/esc_telemetry,/mavros/estimator_status,/mavros/extended_state,/mavros/geofence/waypoints,/mavros/global_position/compass_hdg,/mavros/global_position/global,/mavros/global_position/gp_lp_offset,/mavros/global_position/gp_origin,/mavros/global_position/local,/mavros/global_position/raw/fix,/mavros/global_position/raw/gps_vel,/mavros/global_position/raw/satellites,/mavros/global_position/rel_alt,/mavros/gps_rtk/rtk_baseline,/mavros/gpsstatus/gps1/raw,/mavros/gpsstatus/gps1/rtk,/mavros/gpsstatus/gps2/raw,/mavros/gpsstatus/gps2/rtk,/mavros/home_position/home,/mavros/imu/data,/mavros/imu/data_raw,/mavros/imu/diff_pressure,/mavros/imu/mag,/mavros/imu/static_pressure,/mavros/imu/temperature_baro,/mavros/imu/temperature_imu,/mavros/landing_target/lt_marker,/mavros/landing_target/pose_in,/mavros/local_position/accel,/mavros/local_position/odom,/mavros/local_position/pose,/mavros/local_position/pose_cov,/mavros/local_position/velocity_body,/mavros/local_position/velocity_body_cov,/mavros/local_position/velocity_local,/mavros/log_transfer/raw/log_data,/mavros/log_transfer/raw/log_entry,/mavros/mag_calibration/report,/mavros/mag_calibration/status,/mavros/manual_control/control,/mavros/mission/reached,/mavros/mission/waypoints,/mavros/mount_control/orientation,/mavros/mount_control/status,/mavros/nav_controller_output,/mavros/odometry/in,/mavros/param/param_value,/mavros/radio_status,/mavros/rallypoint/waypoints,/mavros/rangefinder/rangefinder,/mavros/rc/in,/mavros/rc/out,/mavros/setpoint_raw/target_attitude,/mavros/setpoint_raw/target_global,/mavros/setpoint_raw/target_local,/mavros/setpoint_trajectory/desired,/mavros/state,/mavros/statustext/recv,/mavros/terrain/report,/mavros/time_reference,/mavros/timesync_status,/mavros/trajectory/desired,/mavros/tunnel/out,/mavros/vfr_hud,/mavros/wind_estimation,/move_base_simple/goal,/rosout,/tf,/tf_static";"/tmp/binarydeb/ros-noetic-mavros-1.15.0/src/plugins/home_position.cpp:std_plugins::HomePositionPlugin::timeout_cb:165"
"PR: parameters list received";"2";"/mavros";"1679446400.888486781";"/diagnostics,/mavlink/from,/mavlink/gcs_ip,/mavros/adsb/vehicle,/mavros/battery,/mavros/cam_imu_sync/cam_imu_stamp,/mavros/camera/image_captured,/mavros/distance_sensor/rangefinder_pub,/mavros/esc_info,/mavros/esc_status,/mavros/esc_telemetry,/mavros/estimator_status,/mavros/extended_state,/mavros/geofence/waypoints,/mavros/global_position/compass_hdg,/mavros/global_position/global,/mavros/global_position/gp_lp_offset,/mavros/global_position/gp_origin,/mavros/global_position/local,/mavros/global_position/raw/fix,/mavros/global_position/raw/gps_vel,/mavros/global_position/raw/satellites,/mavros/global_position/rel_alt,/mavros/gps_rtk/rtk_baseline,/mavros/gpsstatus/gps1/raw,/mavros/gpsstatus/gps1/rtk,/mavros/gpsstatus/gps2/raw,/mavros/gpsstatus/gps2/rtk,/mavros/home_position/home,/mavros/imu/data,/mavros/imu/data_raw,/mavros/imu/diff_pressure,/mavros/imu/mag,/mavros/imu/static_pressure,/mavros/imu/temperature_baro,/mavros/imu/temperature_imu,/mavros/landing_target/lt_marker,/mavros/landing_target/pose_in,/mavros/local_position/accel,/mavros/local_position/odom,/mavros/local_position/pose,/mavros/local_position/pose_cov,/mavros/local_position/velocity_body,/mavros/local_position/velocity_body_cov,/mavros/local_position/velocity_local,/mavros/log_transfer/raw/log_data,/mavros/log_transfer/raw/log_entry,/mavros/mag_calibration/report,/mavros/mag_calibration/status,/mavros/manual_control/control,/mavros/mission/reached,/mavros/mission/waypoints,/mavros/mount_control/orientation,/mavros/mount_control/status,/mavros/nav_controller_output,/mavros/odometry/in,/mavros/param/param_value,/mavros/radio_status,/mavros/rallypoint/waypoints,/mavros/rangefinder/rangefinder,/mavros/rc/in,/mavros/rc/out,/mavros/setpoint_raw/target_attitude,/mavros/setpoint_raw/target_global,/mavros/setpoint_raw/target_local,/mavros/setpoint_trajectory/desired,/mavros/state,/mavros/statustext/recv,/mavros/terrain/report,/mavros/time_reference,/mavros/timesync_status,/mavros/trajectory/desired,/mavros/tunnel/out,/mavros/vfr_hud,/mavros/wind_estimation,/move_base_simple/goal,/rosout,/tf,/tf_static";"/tmp/binarydeb/ros-noetic-mavros-1.15.0/src/plugins/param.cpp:std_plugins::ParamPlugin::handle_param_value:538"
"HP: requesting home position";"2";"/mavros";"1679446393.787838518";"/diagnostics,/mavlink/from,/mavlink/gcs_ip,/mavros/adsb/vehicle,/mavros/battery,/mavros/cam_imu_sync/cam_imu_stamp,/mavros/camera/image_captured,/mavros/distance_sensor/rangefinder_pub,/mavros/esc_info,/mavros/esc_status,/mavros/esc_telemetry,/mavros/estimator_status,/mavros/extended_state,/mavros/geofence/waypoints,/mavros/global_position/compass_hdg,/mavros/global_position/global,/mavros/global_position/gp_lp_offset,/mavros/global_position/gp_origin,/mavros/global_position/local,/mavros/global_position/raw/fix,/mavros/global_position/raw/gps_vel,/mavros/global_position/raw/satellites,/mavros/global_position/rel_alt,/mavros/gps_rtk/rtk_baseline,/mavros/gpsstatus/gps1/raw,/mavros/gpsstatus/gps1/rtk,/mavros/gpsstatus/gps2/raw,/mavros/gpsstatus/gps2/rtk,/mavros/home_position/home,/mavros/imu/data,/mavros/imu/data_raw,/mavros/imu/diff_pressure,/mavros/imu/mag,/mavros/imu/static_pressure,/mavros/imu/temperature_baro,/mavros/imu/temperature_imu,/mavros/landing_target/lt_marker,/mavros/landing_target/pose_in,/mavros/local_position/accel,/mavros/local_position/odom,/mavros/local_position/pose,/mavros/local_position/pose_cov,/mavros/local_position/velocity_body,/mavros/local_position/velocity_body_cov,/mavros/local_position/velocity_local,/mavros/log_transfer/raw/log_data,/mavros/log_transfer/raw/log_entry,/mavros/mag_calibration/report,/mavros/mag_calibration/status,/mavros/manual_control/control,/mavros/mission/reached,/mavros/mission/waypoints,/mavros/mount_control/orientation,/mavros/mount_control/status,/mavros/nav_controller_output,/mavros/odometry/in,/mavros/param/param_value,/mavros/radio_status,/mavros/rallypoint/waypoints,/mavros/rangefinder/rangefinder,/mavros/rc/in,/mavros/rc/out,/mavros/setpoint_raw/target_attitude,/mavros/setpoint_raw/target_global,/mavros/setpoint_raw/target_local,/mavros/setpoint_trajectory/desired,/mavros/state,/mavros/statustext/recv,/mavros/terrain/report,/mavros/time_reference,/mavros/timesync_status,/mavros/trajectory/desired,/mavros/tunnel/out,/mavros/vfr_hud,/mavros/wind_estimation,/move_base_simple/goal,/rosout,/tf,/tf_static";"/tmp/binarydeb/ros-noetic-mavros-1.15.0/src/plugins/home_position.cpp:std_plugins::HomePositionPlugin::timeout_cb:165"
"WP: mission received";"2";"/mavros";"1679446388.805694928";"/diagnostics,/mavlink/from,/mavlink/gcs_ip,/mavros/adsb/vehicle,/mavros/battery,/mavros/cam_imu_sync/cam_imu_stamp,/mavros/camera/image_captured,/mavros/distance_sensor/rangefinder_pub,/mavros/esc_info,/mavros/esc_status,/mavros/esc_telemetry,/mavros/estimator_status,/mavros/extended_state,/mavros/geofence/waypoints,/mavros/global_position/compass_hdg,/mavros/global_position/global,/mavros/global_position/gp_lp_offset,/mavros/global_position/gp_origin,/mavros/global_position/local,/mavros/global_position/raw/fix,/mavros/global_position/raw/gps_vel,/mavros/global_position/raw/satellites,/mavros/global_position/rel_alt,/mavros/gps_rtk/rtk_baseline,/mavros/gpsstatus/gps1/raw,/mavros/gpsstatus/gps1/rtk,/mavros/gpsstatus/gps2/raw,/mavros/gpsstatus/gps2/rtk,/mavros/home_position/home,/mavros/imu/data,/mavros/imu/data_raw,/mavros/imu/diff_pressure,/mavros/imu/mag,/mavros/imu/static_pressure,/mavros/imu/temperature_baro,/mavros/imu/temperature_imu,/mavros/landing_target/lt_marker,/mavros/landing_target/pose_in,/mavros/local_position/accel,/mavros/local_position/odom,/mavros/local_position/pose,/mavros/local_position/pose_cov,/mavros/local_position/velocity_body,/mavros/local_position/velocity_body_cov,/mavros/local_position/velocity_local,/mavros/log_transfer/raw/log_data,/mavros/log_transfer/raw/log_entry,/mavros/mag_calibration/report,/mavros/mag_calibration/status,/mavros/manual_control/control,/mavros/mission/reached,/mavros/mission/waypoints,/mavros/mount_control/orientation,/mavros/mount_control/status,/mavros/nav_controller_output,/mavros/odometry/in,/mavros/param/param_value,/mavros/radio_status,/mavros/rallypoint/waypoints,/mavros/rangefinder/rangefinder,/mavros/rc/in,/mavros/rc/out,/mavros/setpoint_raw/target_attitude,/mavros/setpoint_raw/target_global,/mavros/setpoint_raw/target_local,/mavros/setpoint_trajectory/desired,/mavros/state,/mavros/statustext/recv,/mavros/terrain/report,/mavros/time_reference,/mavros/timesync_status,/mavros/trajectory/desired,/mavros/tunnel/out,/mavros/vfr_hud,/mavros/wind_estimation,/move_base_simple/goal,/rosout,/tf,/tf_static";"/tmp/binarydeb/ros-noetic-mavros-1.15.0/include/mavros/mission_protocol_base.h:plugin::MissionBase::request_mission_done:419"
"RP: mission received";"2";"/mavros";"1679446388.805506893";"/diagnostics,/mavlink/from,/mavlink/gcs_ip,/mavros/adsb/vehicle,/mavros/battery,/mavros/cam_imu_sync/cam_imu_stamp,/mavros/camera/image_captured,/mavros/distance_sensor/rangefinder_pub,/mavros/esc_info,/mavros/esc_status,/mavros/esc_telemetry,/mavros/estimator_status,/mavros/extended_state,/mavros/geofence/waypoints,/mavros/global_position/compass_hdg,/mavros/global_position/global,/mavros/global_position/gp_lp_offset,/mavros/global_position/gp_origin,/mavros/global_position/local,/mavros/global_position/raw/fix,/mavros/global_position/raw/gps_vel,/mavros/global_position/raw/satellites,/mavros/global_position/rel_alt,/mavros/gps_rtk/rtk_baseline,/mavros/gpsstatus/gps1/raw,/mavros/gpsstatus/gps1/rtk,/mavros/gpsstatus/gps2/raw,/mavros/gpsstatus/gps2/rtk,/mavros/home_position/home,/mavros/imu/data,/mavros/imu/data_raw,/mavros/imu/diff_pressure,/mavros/imu/mag,/mavros/imu/static_pressure,/mavros/imu/temperature_baro,/mavros/imu/temperature_imu,/mavros/landing_target/lt_marker,/mavros/landing_target/pose_in,/mavros/local_position/accel,/mavros/local_position/odom,/mavros/local_position/pose,/mavros/local_position/pose_cov,/mavros/local_position/velocity_body,/mavros/local_position/velocity_body_cov,/mavros/local_position/velocity_local,/mavros/log_transfer/raw/log_data,/mavros/log_transfer/raw/log_entry,/mavros/mag_calibration/report,/mavros/mag_calibration/status,/mavros/manual_control/control,/mavros/mission/reached,/mavros/mission/waypoints,/mavros/mount_control/orientation,/mavros/mount_control/status,/mavros/nav_controller_output,/mavros/odometry/in,/mavros/param/param_value,/mavros/radio_status,/mavros/rallypoint/waypoints,/mavros/rangefinder/rangefinder,/mavros/rc/in,/mavros/rc/out,/mavros/setpoint_raw/target_attitude,/mavros/setpoint_raw/target_global,/mavros/setpoint_raw/target_local,/mavros/setpoint_trajectory/desired,/mavros/state,/mavros/statustext/recv,/mavros/terrain/report,/mavros/time_reference,/mavros/timesync_status,/mavros/trajectory/desired,/mavros/tunnel/out,/mavros/vfr_hud,/mavros/wind_estimation,/move_base_simple/goal,/rosout,/tf,/tf_static";"/tmp/binarydeb/ros-noetic-mavros-1.15.0/include/mavros/mission_protocol_base.h:plugin::MissionBase::request_mission_done:419"
"GF: mission received";"2";"/mavros";"1679446388.805083435";"/diagnostics,/mavlink/from,/mavlink/gcs_ip,/mavros/adsb/vehicle,/mavros/battery,/mavros/cam_imu_sync/cam_imu_stamp,/mavros/camera/image_captured,/mavros/distance_sensor/rangefinder_pub,/mavros/esc_info,/mavros/esc_status,/mavros/esc_telemetry,/mavros/estimator_status,/mavros/extended_state,/mavros/geofence/waypoints,/mavros/global_position/compass_hdg,/mavros/global_position/global,/mavros/global_position/gp_lp_offset,/mavros/global_position/gp_origin,/mavros/global_position/local,/mavros/global_position/raw/fix,/mavros/global_position/raw/gps_vel,/mavros/global_position/raw/satellites,/mavros/global_position/rel_alt,/mavros/gps_rtk/rtk_baseline,/mavros/gpsstatus/gps1/raw,/mavros/gpsstatus/gps1/rtk,/mavros/gpsstatus/gps2/raw,/mavros/gpsstatus/gps2/rtk,/mavros/home_position/home,/mavros/imu/data,/mavros/imu/data_raw,/mavros/imu/diff_pressure,/mavros/imu/mag,/mavros/imu/static_pressure,/mavros/imu/temperature_baro,/mavros/imu/temperature_imu,/mavros/landing_target/lt_marker,/mavros/landing_target/pose_in,/mavros/local_position/accel,/mavros/local_position/odom,/mavros/local_position/pose,/mavros/local_position/pose_cov,/mavros/local_position/velocity_body,/mavros/local_position/velocity_body_cov,/mavros/local_position/velocity_local,/mavros/log_transfer/raw/log_data,/mavros/log_transfer/raw/log_entry,/mavros/mag_calibration/report,/mavros/mag_calibration/status,/mavros/manual_control/control,/mavros/mission/reached,/mavros/mission/waypoints,/mavros/mount_control/orientation,/mavros/mount_control/status,/mavros/nav_controller_output,/mavros/odometry/in,/mavros/param/param_value,/mavros/radio_status,/mavros/rallypoint/waypoints,/mavros/rangefinder/rangefinder,/mavros/rc/in,/mavros/rc/out,/mavros/setpoint_raw/target_attitude,/mavros/setpoint_raw/target_global,/mavros/setpoint_raw/target_local,/mavros/setpoint_trajectory/desired,/mavros/state,/mavros/statustext/recv,/mavros/terrain/report,/mavros/time_reference,/mavros/timesync_status,/mavros/trajectory/desired,/mavros/tunnel/out,/mavros/vfr_hud,/mavros/wind_estimation,/move_base_simple/goal,/rosout,/tf,/tf_static";"/tmp/binarydeb/ros-noetic-mavros-1.15.0/include/mavros/mission_protocol_base.h:plugin::MissionBase::request_mission_done:419"
"FCU: IMU2: fast sampling enabled 9.0kHz/2.3kHz";"2";"/mavros";"1679446383.810803355";"/diagnostics,/mavlink/from,/mavlink/gcs_ip,/mavros/adsb/vehicle,/mavros/battery,/mavros/cam_imu_sync/cam_imu_stamp,/mavros/camera/image_captured,/mavros/distance_sensor/rangefinder_pub,/mavros/esc_info,/mavros/esc_status,/mavros/esc_telemetry,/mavros/estimator_status,/mavros/extended_state,/mavros/geofence/waypoints,/mavros/global_position/compass_hdg,/mavros/global_position/global,/mavros/global_position/gp_lp_offset,/mavros/global_position/gp_origin,/mavros/global_position/local,/mavros/global_position/raw/fix,/mavros/global_position/raw/gps_vel,/mavros/global_position/raw/satellites,/mavros/global_position/rel_alt,/mavros/gps_rtk/rtk_baseline,/mavros/gpsstatus/gps1/raw,/mavros/gpsstatus/gps1/rtk,/mavros/gpsstatus/gps2/raw,/mavros/gpsstatus/gps2/rtk,/mavros/home_position/home,/mavros/imu/data,/mavros/imu/data_raw,/mavros/imu/diff_pressure,/mavros/imu/mag,/mavros/imu/static_pressure,/mavros/imu/temperature_baro,/mavros/imu/temperature_imu,/mavros/landing_target/lt_marker,/mavros/landing_target/pose_in,/mavros/local_position/accel,/mavros/local_position/odom,/mavros/local_position/pose,/mavros/local_position/pose_cov,/mavros/local_position/velocity_body,/mavros/local_position/velocity_body_cov,/mavros/local_position/velocity_local,/mavros/log_transfer/raw/log_data,/mavros/log_transfer/raw/log_entry,/mavros/mag_calibration/report,/mavros/mag_calibration/status,/mavros/manual_control/control,/mavros/mission/reached,/mavros/mission/waypoints,/mavros/mount_control/orientation,/mavros/mount_control/status,/mavros/nav_controller_output,/mavros/odometry/in,/mavros/param/param_value,/mavros/radio_status,/mavros/rallypoint/waypoints,/mavros/rangefinder/rangefinder,/mavros/rc/in,/mavros/rc/out,/mavros/setpoint_raw/target_attitude,/mavros/setpoint_raw/target_global,/mavros/setpoint_raw/target_local,/mavros/setpoint_trajectory/desired,/mavros/state,/mavros/statustext/recv,/mavros/terrain/report,/mavros/time_reference,/mavros/timesync_status,/mavros/trajectory/desired,/mavros/tunnel/out,/mavros/vfr_hud,/mavros/wind_estimation,/move_base_simple/goal,/rosout,/tf,/tf_static";"/tmp/binarydeb/ros-noetic-mavros-1.15.0/src/plugins/sys_status.cpp:std_plugins::SystemStatusPlugin::process_statustext_normal:676"
"FCU: IMU1: fast sampling enabled 9.0kHz/2.3kHz";"2";"/mavros";"1679446383.810027975";"/diagnostics,/mavlink/from,/mavlink/gcs_ip,/mavros/adsb/vehicle,/mavros/battery,/mavros/cam_imu_sync/cam_imu_stamp,/mavros/camera/image_captured,/mavros/distance_sensor/rangefinder_pub,/mavros/esc_info,/mavros/esc_status,/mavros/esc_telemetry,/mavros/estimator_status,/mavros/extended_state,/mavros/geofence/waypoints,/mavros/global_position/compass_hdg,/mavros/global_position/global,/mavros/global_position/gp_lp_offset,/mavros/global_position/gp_origin,/mavros/global_position/local,/mavros/global_position/raw/fix,/mavros/global_position/raw/gps_vel,/mavros/global_position/raw/satellites,/mavros/global_position/rel_alt,/mavros/gps_rtk/rtk_baseline,/mavros/gpsstatus/gps1/raw,/mavros/gpsstatus/gps1/rtk,/mavros/gpsstatus/gps2/raw,/mavros/gpsstatus/gps2/rtk,/mavros/home_position/home,/mavros/imu/data,/mavros/imu/data_raw,/mavros/imu/diff_pressure,/mavros/imu/mag,/mavros/imu/static_pressure,/mavros/imu/temperature_baro,/mavros/imu/temperature_imu,/mavros/landing_target/lt_marker,/mavros/landing_target/pose_in,/mavros/local_position/accel,/mavros/local_position/odom,/mavros/local_position/pose,/mavros/local_position/pose_cov,/mavros/local_position/velocity_body,/mavros/local_position/velocity_body_cov,/mavros/local_position/velocity_local,/mavros/log_transfer/raw/log_data,/mavros/log_transfer/raw/log_entry,/mavros/mag_calibration/report,/mavros/mag_calibration/status,/mavros/manual_control/control,/mavros/mission/reached,/mavros/mission/waypoints,/mavros/mount_control/orientation,/mavros/mount_control/status,/mavros/nav_controller_output,/mavros/odometry/in,/mavros/param/param_value,/mavros/radio_status,/mavros/rallypoint/waypoints,/mavros/rangefinder/rangefinder,/mavros/rc/in,/mavros/rc/out,/mavros/setpoint_raw/target_attitude,/mavros/setpoint_raw/target_global,/mavros/setpoint_raw/target_local,/mavros/setpoint_trajectory/desired,/mavros/state,/mavros/statustext/recv,/mavros/terrain/report,/mavros/time_reference,/mavros/timesync_status,/mavros/trajectory/desired,/mavros/tunnel/out,/mavros/vfr_hud,/mavros/wind_estimation,/move_base_simple/goal,/rosout,/tf,/tf_static";"/tmp/binarydeb/ros-noetic-mavros-1.15.0/src/plugins/sys_status.cpp:std_plugins::SystemStatusPlugin::process_statustext_normal:676"
"FCU: IMU0: fast sampling enabled 2.0kHz";"2";"/mavros";"1679446383.808393715";"/diagnostics,/mavlink/from,/mavlink/gcs_ip,/mavros/adsb/vehicle,/mavros/battery,/mavros/cam_imu_sync/cam_imu_stamp,/mavros/camera/image_captured,/mavros/distance_sensor/rangefinder_pub,/mavros/esc_info,/mavros/esc_status,/mavros/esc_telemetry,/mavros/estimator_status,/mavros/extended_state,/mavros/geofence/waypoints,/mavros/global_position/compass_hdg,/mavros/global_position/global,/mavros/global_position/gp_lp_offset,/mavros/global_position/gp_origin,/mavros/global_position/local,/mavros/global_position/raw/fix,/mavros/global_position/raw/gps_vel,/mavros/global_position/raw/satellites,/mavros/global_position/rel_alt,/mavros/gps_rtk/rtk_baseline,/mavros/gpsstatus/gps1/raw,/mavros/gpsstatus/gps1/rtk,/mavros/gpsstatus/gps2/raw,/mavros/gpsstatus/gps2/rtk,/mavros/home_position/home,/mavros/imu/data,/mavros/imu/data_raw,/mavros/imu/diff_pressure,/mavros/imu/mag,/mavros/imu/static_pressure,/mavros/imu/temperature_baro,/mavros/imu/temperature_imu,/mavros/landing_target/lt_marker,/mavros/landing_target/pose_in,/mavros/local_position/accel,/mavros/local_position/odom,/mavros/local_position/pose,/mavros/local_position/pose_cov,/mavros/local_position/velocity_body,/mavros/local_position/velocity_body_cov,/mavros/local_position/velocity_local,/mavros/log_transfer/raw/log_data,/mavros/log_transfer/raw/log_entry,/mavros/mag_calibration/report,/mavros/mag_calibration/status,/mavros/manual_control/control,/mavros/mission/reached,/mavros/mission/waypoints,/mavros/mount_control/orientation,/mavros/mount_control/status,/mavros/nav_controller_output,/mavros/odometry/in,/mavros/param/param_value,/mavros/radio_status,/mavros/rallypoint/waypoints,/mavros/rangefinder/rangefinder,/mavros/rc/in,/mavros/rc/out,/mavros/setpoint_raw/target_attitude,/mavros/setpoint_raw/target_global,/mavros/setpoint_raw/target_local,/mavros/setpoint_trajectory/desired,/mavros/state,/mavros/statustext/recv,/mavros/terrain/report,/mavros/time_reference,/mavros/timesync_status,/mavros/trajectory/desired,/mavros/tunnel/out,/mavros/vfr_hud,/mavros/wind_estimation,/move_base_simple/goal,/rosout,/tf,/tf_static";"/tmp/binarydeb/ros-noetic-mavros-1.15.0/src/plugins/sys_status.cpp:std_plugins::SystemStatusPlugin::process_statustext_normal:676"
"FCU: RCOut: PWM:1-14";"2";"/mavros";"1679446383.808011867";"/diagnostics,/mavlink/from,/mavlink/gcs_ip,/mavros/adsb/vehicle,/mavros/battery,/mavros/cam_imu_sync/cam_imu_stamp,/mavros/camera/image_captured,/mavros/distance_sensor/rangefinder_pub,/mavros/esc_info,/mavros/esc_status,/mavros/esc_telemetry,/mavros/estimator_status,/mavros/extended_state,/mavros/geofence/waypoints,/mavros/global_position/compass_hdg,/mavros/global_position/global,/mavros/global_position/gp_lp_offset,/mavros/global_position/gp_origin,/mavros/global_position/local,/mavros/global_position/raw/fix,/mavros/global_position/raw/gps_vel,/mavros/global_position/raw/satellites,/mavros/global_position/rel_alt,/mavros/gps_rtk/rtk_baseline,/mavros/gpsstatus/gps1/raw,/mavros/gpsstatus/gps1/rtk,/mavros/gpsstatus/gps2/raw,/mavros/gpsstatus/gps2/rtk,/mavros/home_position/home,/mavros/imu/data,/mavros/imu/data_raw,/mavros/imu/diff_pressure,/mavros/imu/mag,/mavros/imu/static_pressure,/mavros/imu/temperature_baro,/mavros/imu/temperature_imu,/mavros/landing_target/lt_marker,/mavros/landing_target/pose_in,/mavros/local_position/accel,/mavros/local_position/odom,/mavros/local_position/pose,/mavros/local_position/pose_cov,/mavros/local_position/velocity_body,/mavros/local_position/velocity_body_cov,/mavros/local_position/velocity_local,/mavros/log_transfer/raw/log_data,/mavros/log_transfer/raw/log_entry,/mavros/mag_calibration/report,/mavros/mag_calibration/status,/mavros/manual_control/control,/mavros/mission/reached,/mavros/mission/waypoints,/mavros/mount_control/orientation,/mavros/mount_control/status,/mavros/nav_controller_output,/mavros/odometry/in,/mavros/param/param_value,/mavros/radio_status,/mavros/rallypoint/waypoints,/mavros/rangefinder/rangefinder,/mavros/rc/in,/mavros/rc/out,/mavros/setpoint_raw/target_attitude,/mavros/setpoint_raw/target_global,/mavros/setpoint_raw/target_local,/mavros/setpoint_trajectory/desired,/mavros/state,/mavros/statustext/recv,/mavros/terrain/report,/mavros/time_reference,/mavros/timesync_status,/mavros/trajectory/desired,/mavros/tunnel/out,/mavros/vfr_hud,/mavros/wind_estimation,/move_base_simple/goal,/rosout,/tf,/tf_static";"/tmp/binarydeb/ros-noetic-mavros-1.15.0/src/plugins/sys_status.cpp:std_plugins::SystemStatusPlugin::process_statustext_normal:676"
"FCU: CubeOrangePlu 0043002D 31395105 3539333";"2";"/mavros";"1679446383.807548465";"/diagnostics,/mavlink/from,/mavlink/gcs_ip,/mavros/adsb/vehicle,/mavros/battery,/mavros/cam_imu_sync/cam_imu_stamp,/mavros/camera/image_captured,/mavros/distance_sensor/rangefinder_pub,/mavros/esc_info,/mavros/esc_status,/mavros/esc_telemetry,/mavros/estimator_status,/mavros/extended_state,/mavros/geofence/waypoints,/mavros/global_position/compass_hdg,/mavros/global_position/global,/mavros/global_position/gp_lp_offset,/mavros/global_position/gp_origin,/mavros/global_position/local,/mavros/global_position/raw/fix,/mavros/global_position/raw/gps_vel,/mavros/global_position/raw/satellites,/mavros/global_position/rel_alt,/mavros/gps_rtk/rtk_baseline,/mavros/gpsstatus/gps1/raw,/mavros/gpsstatus/gps1/rtk,/mavros/gpsstatus/gps2/raw,/mavros/gpsstatus/gps2/rtk,/mavros/home_position/home,/mavros/imu/data,/mavros/imu/data_raw,/mavros/imu/diff_pressure,/mavros/imu/mag,/mavros/imu/static_pressure,/mavros/imu/temperature_baro,/mavros/imu/temperature_imu,/mavros/landing_target/lt_marker,/mavros/landing_target/pose_in,/mavros/local_position/accel,/mavros/local_position/odom,/mavros/local_position/pose,/mavros/local_position/pose_cov,/mavros/local_position/velocity_body,/mavros/local_position/velocity_body_cov,/mavros/local_position/velocity_local,/mavros/log_transfer/raw/log_data,/mavros/log_transfer/raw/log_entry,/mavros/mag_calibration/report,/mavros/mag_calibration/status,/mavros/manual_control/control,/mavros/mission/reached,/mavros/mission/waypoints,/mavros/mount_control/orientation,/mavros/mount_control/status,/mavros/nav_controller_output,/mavros/odometry/in,/mavros/param/param_value,/mavros/radio_status,/mavros/rallypoint/waypoints,/mavros/rangefinder/rangefinder,/mavros/rc/in,/mavros/rc/out,/mavros/setpoint_raw/target_attitude,/mavros/setpoint_raw/target_global,/mavros/setpoint_raw/target_local,/mavros/setpoint_trajectory/desired,/mavros/state,/mavros/statustext/recv,/mavros/terrain/report,/mavros/time_reference,/mavros/timesync_status,/mavros/trajectory/desired,/mavros/tunnel/out,/mavros/vfr_hud,/mavros/wind_estimation,/move_base_simple/goal,/rosout,/tf,/tf_static";"/tmp/binarydeb/ros-noetic-mavros-1.15.0/src/plugins/sys_status.cpp:std_plugins::SystemStatusPlugin::process_statustext_normal:676"
"FCU: ChibiOS: 38022f4f";"2";"/mavros";"1679446383.806546346";"/diagnostics,/mavlink/from,/mavlink/gcs_ip,/mavros/adsb/vehicle,/mavros/battery,/mavros/cam_imu_sync/cam_imu_stamp,/mavros/camera/image_captured,/mavros/distance_sensor/rangefinder_pub,/mavros/esc_info,/mavros/esc_status,/mavros/esc_telemetry,/mavros/estimator_status,/mavros/extended_state,/mavros/geofence/waypoints,/mavros/global_position/compass_hdg,/mavros/global_position/global,/mavros/global_position/gp_lp_offset,/mavros/global_position/gp_origin,/mavros/global_position/local,/mavros/global_position/raw/fix,/mavros/global_position/raw/gps_vel,/mavros/global_position/raw/satellites,/mavros/global_position/rel_alt,/mavros/gps_rtk/rtk_baseline,/mavros/gpsstatus/gps1/raw,/mavros/gpsstatus/gps1/rtk,/mavros/gpsstatus/gps2/raw,/mavros/gpsstatus/gps2/rtk,/mavros/home_position/home,/mavros/imu/data,/mavros/imu/data_raw,/mavros/imu/diff_pressure,/mavros/imu/mag,/mavros/imu/static_pressure,/mavros/imu/temperature_baro,/mavros/imu/temperature_imu,/mavros/landing_target/lt_marker,/mavros/landing_target/pose_in,/mavros/local_position/accel,/mavros/local_position/odom,/mavros/local_position/pose,/mavros/local_position/pose_cov,/mavros/local_position/velocity_body,/mavros/local_position/velocity_body_cov,/mavros/local_position/velocity_local,/mavros/log_transfer/raw/log_data,/mavros/log_transfer/raw/log_entry,/mavros/mag_calibration/report,/mavros/mag_calibration/status,/mavros/manual_control/control,/mavros/mission/reached,/mavros/mission/waypoints,/mavros/mount_control/orientation,/mavros/mount_control/status,/mavros/nav_controller_output,/mavros/odometry/in,/mavros/param/param_value,/mavros/radio_status,/mavros/rallypoint/waypoints,/mavros/rangefinder/rangefinder,/mavros/rc/in,/mavros/rc/out,/mavros/setpoint_raw/target_attitude,/mavros/setpoint_raw/target_global,/mavros/setpoint_raw/target_local,/mavros/setpoint_trajectory/desired,/mavros/state,/mavros/statustext/recv,/mavros/terrain/report,/mavros/time_reference,/mavros/timesync_status,/mavros/trajectory/desired,/mavros/tunnel/out,/mavros/vfr_hud,/mavros/wind_estimation,/move_base_simple/goal,/rosout,/tf,/tf_static";"/tmp/binarydeb/ros-noetic-mavros-1.15.0/src/plugins/sys_status.cpp:std_plugins::SystemStatusPlugin::process_statustext_normal:676"
"FCU: ArduRover V4.2.3 (2172cfb3)";"2";"/mavros";"1679446383.805904482";"/diagnostics,/mavlink/from,/mavlink/gcs_ip,/mavros/adsb/vehicle,/mavros/battery,/mavros/cam_imu_sync/cam_imu_stamp,/mavros/camera/image_captured,/mavros/distance_sensor/rangefinder_pub,/mavros/esc_info,/mavros/esc_status,/mavros/esc_telemetry,/mavros/estimator_status,/mavros/extended_state,/mavros/geofence/waypoints,/mavros/global_position/compass_hdg,/mavros/global_position/global,/mavros/global_position/gp_lp_offset,/mavros/global_position/gp_origin,/mavros/global_position/local,/mavros/global_position/raw/fix,/mavros/global_position/raw/gps_vel,/mavros/global_position/raw/satellites,/mavros/global_position/rel_alt,/mavros/gps_rtk/rtk_baseline,/mavros/gpsstatus/gps1/raw,/mavros/gpsstatus/gps1/rtk,/mavros/gpsstatus/gps2/raw,/mavros/gpsstatus/gps2/rtk,/mavros/home_position/home,/mavros/imu/data,/mavros/imu/data_raw,/mavros/imu/diff_pressure,/mavros/imu/mag,/mavros/imu/static_pressure,/mavros/imu/temperature_baro,/mavros/imu/temperature_imu,/mavros/landing_target/lt_marker,/mavros/landing_target/pose_in,/mavros/local_position/accel,/mavros/local_position/odom,/mavros/local_position/pose,/mavros/local_position/pose_cov,/mavros/local_position/velocity_body,/mavros/local_position/velocity_body_cov,/mavros/local_position/velocity_local,/mavros/log_transfer/raw/log_data,/mavros/log_transfer/raw/log_entry,/mavros/mag_calibration/report,/mavros/mag_calibration/status,/mavros/manual_control/control,/mavros/mission/reached,/mavros/mission/waypoints,/mavros/mount_control/orientation,/mavros/mount_control/status,/mavros/nav_controller_output,/mavros/odometry/in,/mavros/param/param_value,/mavros/radio_status,/mavros/rallypoint/waypoints,/mavros/rangefinder/rangefinder,/mavros/rc/in,/mavros/rc/out,/mavros/setpoint_raw/target_attitude,/mavros/setpoint_raw/target_global,/mavros/setpoint_raw/target_local,/mavros/setpoint_trajectory/desired,/mavros/state,/mavros/statustext/recv,/mavros/terrain/report,/mavros/time_reference,/mavros/timesync_status,/mavros/trajectory/desired,/mavros/tunnel/out,/mavros/vfr_hud,/mavros/wind_estimation,/move_base_simple/goal,/rosout,/tf,/tf_static";"/tmp/binarydeb/ros-noetic-mavros-1.15.0/src/plugins/sys_status.cpp:std_plugins::SystemStatusPlugin::process_statustext_normal:676"
"HP: requesting home position";"2";"/mavros";"1679446383.787980085";"/diagnostics,/mavlink/from,/mavlink/gcs_ip,/mavros/adsb/vehicle,/mavros/battery,/mavros/cam_imu_sync/cam_imu_stamp,/mavros/camera/image_captured,/mavros/distance_sensor/rangefinder_pub,/mavros/esc_info,/mavros/esc_status,/mavros/esc_telemetry,/mavros/estimator_status,/mavros/extended_state,/mavros/geofence/waypoints,/mavros/global_position/compass_hdg,/mavros/global_position/global,/mavros/global_position/gp_lp_offset,/mavros/global_position/gp_origin,/mavros/global_position/local,/mavros/global_position/raw/fix,/mavros/global_position/raw/gps_vel,/mavros/global_position/raw/satellites,/mavros/global_position/rel_alt,/mavros/gps_rtk/rtk_baseline,/mavros/gpsstatus/gps1/raw,/mavros/gpsstatus/gps1/rtk,/mavros/gpsstatus/gps2/raw,/mavros/gpsstatus/gps2/rtk,/mavros/home_position/home,/mavros/imu/data,/mavros/imu/data_raw,/mavros/imu/diff_pressure,/mavros/imu/mag,/mavros/imu/static_pressure,/mavros/imu/temperature_baro,/mavros/imu/temperature_imu,/mavros/landing_target/lt_marker,/mavros/landing_target/pose_in,/mavros/local_position/accel,/mavros/local_position/odom,/mavros/local_position/pose,/mavros/local_position/pose_cov,/mavros/local_position/velocity_body,/mavros/local_position/velocity_body_cov,/mavros/local_position/velocity_local,/mavros/log_transfer/raw/log_data,/mavros/log_transfer/raw/log_entry,/mavros/mag_calibration/report,/mavros/mag_calibration/status,/mavros/manual_control/control,/mavros/mission/reached,/mavros/mission/waypoints,/mavros/mount_control/orientation,/mavros/mount_control/status,/mavros/nav_controller_output,/mavros/odometry/in,/mavros/param/param_value,/mavros/radio_status,/mavros/rallypoint/waypoints,/mavros/rangefinder/rangefinder,/mavros/rc/in,/mavros/rc/out,/mavros/setpoint_raw/target_attitude,/mavros/setpoint_raw/target_global,/mavros/setpoint_raw/target_local,/mavros/setpoint_trajectory/desired,/mavros/state,/mavros/statustext/recv,/mavros/terrain/report,/mavros/time_reference,/mavros/timesync_status,/mavros/trajectory/desired,/mavros/tunnel/out,/mavros/vfr_hud,/mavros/wind_estimation,/move_base_simple/goal,/rosout,/tf,/tf_static";"/tmp/binarydeb/ros-noetic-mavros-1.15.0/src/plugins/home_position.cpp:std_plugins::HomePositionPlugin::timeout_cb:165"
